most_ads_hour,ad_users,ad_conversions,ad_cr_pct,psa_users,psa_conversions,psa_cr_pct,absolute_lift_pct_pts,relative_lift_pct
0,5309,102,1.9213,227,0,0.0,1.9213,
1,4615,62,1.3434,187,0,0.0,1.3434,
2,5152,39,0.757,181,0,0.0,0.757,
3,2590,27,1.0425,89,1,1.1236,-0.0811,-7.22
4,694,11,1.585,28,0,0.0,1.585,
5,742,16,2.1563,23,0,0.0,2.1563,
6,1985,46,2.3174,83,0,0.0,2.3174,
7,6168,114,1.8482,237,2,0.8439,1.0043,119.01
8,16968,337,1.9861,659,7,1.0622,0.9239,86.98
9,29802,582,1.9529,1202,13,1.0815,0.8714,80.57
10,37454,818,2.184,1485,20,1.3468,0.8372,62.16
11,44149,992,2.2469,2061,30,1.4556,0.7913,54.36
12,45238,1092,2.4139,2060,35,1.699,0.7149,42.08
13,45485,1140,2.5063,2170,36,1.659,0.8473,51.07
14,43779,1251,2.8575,1869,30,1.6051,1.2524,78.03
15,42855,1279,2.9845,1828,46,2.5164,0.4681,18.6
16,35963,1111,3.0893,1604,45,2.8055,0.2838,10.12
17,33605,959,2.8537,1383,28,2.0246,0.8291,40.95
18,31052,853,2.747,1271,32,2.5177,0.2293,9.11
19,29169,782,2.6809,1183,29,2.4514,0.2295,9.36
20,27846,843,3.0274,1077,19,1.7642,1.2632,71.6
21,28895,843,2.9175,1081,24,2.2202,0.6973,31.41
22,25515,675,2.6455,917,15,1.6358,1.0097,61.73
23,19547,449,2.297,619,8,1.2924,1.0046,77.73
